{
  "steer_gain": 22.3056535032999,
  "centering_gain": 0.386993457603209,
  "steer_damp": 0.474799405751467,
  "rl_entry": -0.000398940362539603,
  "rl_exit": 0.100422425890775,
  "entry_thr": 67.4143442532852,
  "exit_thr": 130.948508428176,
  "max_speed": 294.366389140997,
  "base_corner_spd": 57.1526858910953,
  "speed_per_m": 2.67083743665695,
  "accel_gain": 6.68544347028245,
  "brake_gain": 6.19489001517053,
  "trail_floor": 0.106662080567646,
  "finish_zone": 266.521065066836,
  "abs_slip": 1.48738153679165,
  "abs_min_spd": 33.3178063570676,
  "abs_rel": 0.534928035489103,
  "tcs_slip": 11.820971262899,
  "tcs_min_spd": 16.9040919515327,
  "tcs_min_fac": 0.116003051323159,
  "launch_steps": 13,
  "rpm_up": 8054.28247107837,
  "rpm_down": 3330.86462825181,
  "gear_scale": 0.895966898844483,
  "_lap_time": 99.848,
  "_trial": 546,
  "_n_lapping_trials": 367,
  "_note": "v2 continuous-speed controller (incl. finish_zone). Reproducing 99.8s needs the matching teacher_controller_v2 version."
}