{
  "max_speed": 285.94236078689823,
  "corner_coef": 8.008159859600529,
  "brake_reach": 507.04100715449454,
  "margin_m": 0.6633472499386672,
  "min_speed": 30.128352506088643,
  "cone_lo": 3,
  "cone_hi": 16,
  "accel_gain": 4.407945359181253,
  "brake_gain": 6.796319063894559,
  "trail_throttle_floor": 0.13872541605207206,
  "k_aim": 0.017022466776947964,
  "k_angle": 15.271733002615342,
  "k_line": 0.5339393690803045,
  "steer_damp": 0.35342859889565414,
  "entry_gain": 0.6809643510394797,
  "apex_gain": 0.7592762018875236,
  "aim_lo": 2,
  "aim_hi": 17,
  "abs_enabled": true,
  "abs_slip_threshold": 3.255027657208804,
  "abs_min_speed": 20.0,
  "abs_release_fraction": 0.7376963847766578,
  "tcs_enabled": true,
  "tcs_slip_threshold": 9.725051789599767,
  "tcs_min_speed": 25.0,
  "tcs_min_accel_factor": 0.15,
  "launch_steps": 11,
  "rpm_upshift": 18336.51168021646,
  "rpm_downshift": 11025.328527237572,
  "n_gears": 7
}